product_name,product_group,updated_at
12v Battery,Big Toys,2026-09-26 10:54:07
12vold Charger,Big Toys,2026-09-26 10:54:07
155A Tricycle,Big Toys,2026-09-26 10:54:07
1888 Tricycle,Big Toys,2026-09-26 10:54:07
219 Jcb Push Car,Big Toys,2026-09-26 10:54:07
22c,Big Toys,2026-09-26 10:54:07
5918 X21-x30,Big Toys,2026-09-26 10:54:07
603 Baby Bed 20pcs,Big Toys,2026-09-26 10:54:07
6168 Car,Big Toys,2026-09-26 10:54:07
6188,Big Toys,2026-09-26 10:54:07
6 Vold Battery,Big Toys,2026-09-26 10:54:07
702 Baby Bed 15pcs,Big Toys,2026-09-26 10:54:07
8899 Car,Big Toys,2026-09-26 10:54:07
8899 Small Rider,Big Toys,2026-09-26 10:54:07
900l,Big Toys,2026-09-26 10:54:07
906 T Push Car,Big Toys,2026-09-26 10:54:07
919 Big Toys,Big Toys,2026-09-26 10:54:07
995 Bike,Big Toys,2026-09-26 10:54:07
A6-2 Bike,Big Toys,2026-09-26 10:54:07
A 8888,Big Toys,2026-09-26 10:54:07
Dlx6688,Big Toys,2026-09-26 10:54:07
Guitar 38 inch,Big Toys,2026-09-26 10:54:07
Hood Cycle-906,Big Toys,2026-09-26 10:54:07
HS-01,Big Toys,2026-09-26 10:54:07
KBR-908 Jeep,Big Toys,2026-09-26 10:54:07
Kr-201 Leg Scooty Sasto,Big Toys,2026-09-26 10:54:07
KRB-1900S,Big Toys,2026-09-26 10:54:07
KRB-205D,Big Toys,2026-09-26 10:54:07
KRB-2188T Slide Car with Push Handel,Big Toys,2026-09-26 10:54:07
KRB-688 Slide Car,Big Toys,2026-09-26 10:54:07
KRB-906,Big Toys,2026-09-26 10:54:07
KRB-921,Big Toys,2026-09-26 10:54:07
KRB-921 D,Big Toys,2026-09-26 10:54:07
R15,Big Toys,2026-09-26 10:54:07
T 999,Big Toys,2026-09-26 10:54:07
Tft5588 car,Big Toys,2026-09-26 10:54:07
V-300,Big Toys,2026-09-26 10:54:07
V-8 Tesla,Big Toys,2026-09-26 10:54:07
Vespa,Big Toys,2026-09-26 10:54:07
Vespa Charger,Big Toys,2026-09-26 10:54:07
XMT-208 6 Pcs,Big Toys,2026-09-26 10:54:07
XMT-209 6 Pcs,Big Toys,2026-09-26 10:54:07
XMT-M09 3 Pcs,Big Toys,2026-09-26 10:54:07
XMT-T-A35 4 Pcs,Big Toys,2026-09-26 10:54:07
XMT-X-568T 6 Pcs,Big Toys,2026-09-26 10:54:07
1012 /10 Pcs Candle,Birthday Items,2026-09-26 10:54:07
1015/10 Pcs Shining Candel,Birthday Items,2026-09-26 10:54:07
1024/ 10 Pcs Pencil Candel,Birthday Items,2026-09-26 10:54:07
10cm sparkling candel,Birthday Items,2026-09-26 10:54:07
12015 / 12 Pcs mota Candel,Birthday Items,2026-09-26 10:54:07
12cm sparkling candel,Birthday Items,2026-09-26 10:54:07
12 Pcs Sprial Candel,Birthday Items,2026-09-26 10:54:07
15cm sparkling candel,Birthday Items,2026-09-26 10:54:07
1.5 Single Color Ballon,Birthday Items,2026-09-26 10:54:07
1.5 Single Colour Ballon 50pcs,Birthday Items,2026-09-26 10:54:07
18cm sparkling candel,Birthday Items,2026-09-26 10:54:07
20cm sparkling candel,Birthday Items,2026-09-26 10:54:07
2.0 Mix Charater Ballon,Birthday Items,2026-09-26 10:54:07
24cm Shining Cap,Birthday Items,2026-09-26 10:54:07
24 Pcs Candel,Birthday Items,2026-09-26 10:54:07
25cm sparkling candel,Birthday Items,2026-09-26 10:54:07
2.8 Mix Charater ballon,Birthday Items,2026-09-26 10:54:07
30cm sparkling Candel,Birthday Items,2026-09-26 10:54:07
34cm Shining Cap,Birthday Items,2026-09-26 10:54:07
3 Pcs Star Candel,Birthday Items,2026-09-26 10:54:07
4 Pcs Heart Candel,Birthday Items,2026-09-26 10:54:07
4 Pcs Star Candel,Birthday Items,2026-09-26 10:54:07
6011/6 Pcs Candel Sada,Birthday Items,2026-09-26 10:54:07
6020 /6 Pcs curve candel,Birthday Items,2026-09-26 10:54:07
6035/ 6 Pcs Shining Spiral,Birthday Items,2026-09-26 10:54:07
6b22 / Box Spiral Candel,Birthday Items,2026-09-26 10:54:07
6 Pcs Big Sprial Pastel Candel,Birthday Items,2026-09-26 10:54:07
6pcs Glitter Candel,Birthday Items,2026-09-26 10:54:07
Anniversary Sashi,Birthday Items,2026-09-26 10:54:07
Ballon Banner,Birthday Items,2026-09-26 10:54:07
Big Metal Crown,Birthday Items,2026-09-26 10:54:07
Birthday Ballon,Birthday Items,2026-09-26 10:54:07
Birthday Ballon 2000 Pcs,Birthday Items,2026-09-26 10:54:07
Birthday Ballon 80pcs Packet,Birthday Items,2026-09-26 10:54:07
Birthday Cap Dotted,Birthday Items,2026-09-26 10:54:07
Birthday Cap Fancy/radium/jhalar,Birthday Items,2026-09-26 10:54:07
Birthday Crown,Birthday Items,2026-09-26 10:54:07
Birthday Gilter Sashe,Birthday Items,2026-09-26 10:54:07
Box Pencil Candle Bp2425,Birthday Items,2026-09-26 10:54:07
Butterfly Wing,Birthday Items,2026-09-26 10:54:07
Cake Topper,Birthday Items,2026-09-26 10:54:07
Curtain,Birthday Items,2026-09-26 10:54:07
Deco Ball,Birthday Items,2026-09-26 10:54:07
Decor Flower,Birthday Items,2026-09-26 10:54:07
Flower Ribbon 40cm,Birthday Items,2026-09-26 10:54:07
Folding Crown,Birthday Items,2026-09-26 10:54:07
Golden Candel,Birthday Items,2026-09-26 10:54:07
Hairband Crown,Birthday Items,2026-09-26 10:54:07
Hallow Heart Candel,Birthday Items,2026-09-26 10:54:07
Happy Birthday Sashi,Birthday Items,2026-09-26 10:54:07
Knife Candel,Birthday Items,2026-09-26 10:54:07
Laser Curtain,Birthday Items,2026-09-26 10:54:07
Loco Ballon,Birthday Items,2026-09-26 10:54:07
Long Pencil Candel 6lp2225,Birthday Items,2026-09-26 10:54:07
love/star/3d candle,Birthday Items,2026-09-26 10:54:07
Magic Candle,Birthday Items,2026-09-26 10:54:07
M Banner,Birthday Items,2026-09-26 10:54:07
M Banner Shinning,Birthday Items,2026-09-26 10:54:07
Metal Crown,Birthday Items,2026-09-26 10:54:07
Mix Character Ballon,Birthday Items,2026-09-26 10:54:07
New 1.2 Grm Ballon,Birthday Items,2026-09-26 10:54:07
Number Candle,Birthday Items,2026-09-26 10:54:07
Packing Papper,Birthday Items,2026-09-26 10:54:07
Rainbow Curtain,Birthday Items,2026-09-26 10:54:07
Ribbon,Birthday Items,2026-09-26 10:54:07
Ribbon 12cm Packing,Birthday Items,2026-09-26 10:54:07
Ribbon 23cm Packing,Birthday Items,2026-09-26 10:54:07
Ribbon 30cm,Birthday Items,2026-09-26 10:54:07
Rose Tiara,Birthday Items,2026-09-26 10:54:07
Sada Chamki Ballon 80pcs,Birthday Items,2026-09-26 10:54:07
Sada Crown,Birthday Items,2026-09-26 10:54:07
Sasta Radium/fancy Cap,Birthday Items,2026-09-26 10:54:07
Table Cloth,Birthday Items,2026-09-26 10:54:07
Tiwan,Birthday Items,2026-09-26 10:54:07
019 Tempo,Factory Item,2026-09-26 10:54:07
0408E Factory,Factory Item,2026-09-26 10:54:07
1001 Factory Item,Factory Item,2026-09-26 10:54:07
102 Ambulance Factory Item,Factory Item,2026-09-26 10:54:07
103 ( Factory Item),Factory Item,2026-09-26 10:54:07
1110 Gun Factory,Factory Item,2026-09-26 10:54:07
111(factory Item),Factory Item,2026-09-26 10:54:07
168-15 Factory,Factory Item,2026-09-26 10:54:07
2020 Tartar,Factory Item,2026-09-26 10:54:07
2028 Bmw,Factory Item,2026-09-26 10:54:07
220 Jcb Factory,Factory Item,2026-09-26 10:54:07
2239 Dr Factory,Factory Item,2026-09-26 10:54:07
2264,Factory Item,2026-09-26 10:54:07
2297 Factory,Factory Item,2026-09-26 10:54:07
2298 factory,Factory Item,2026-09-26 10:54:07
230-1,Factory Item,2026-09-26 10:54:07
230-1 Rechargble,Factory Item,2026-09-26 10:54:07
2398 Dozer Factory,Factory Item,2026-09-26 10:54:07
2611 factory,Factory Item,2026-09-26 10:54:07
2612 Factory Item,Factory Item,2026-09-26 10:54:07
2617 (factory),Factory Item,2026-09-26 10:54:07
2618 Factory,Factory Item,2026-09-26 10:54:07
2620 r/c Factory Item,Factory Item,2026-09-26 10:54:07
2622 Factory,Factory Item,2026-09-26 10:54:07
2623 (factory),Factory Item,2026-09-26 10:54:07
2625 Factory,Factory Item,2026-09-26 10:54:07
2627 Factory,Factory Item,2026-09-26 10:54:07
2628 Factory,Factory Item,2026-09-26 10:54:07
2631 (New Factory ),Factory Item,2026-09-26 10:54:07
2635 Factory,Factory Item,2026-09-26 10:54:07
2640,Factory Item,2026-09-26 10:54:07
2650 Factory,Factory Item,2026-09-26 10:54:07
30cm Dollar Popper,Factory Item,2026-09-26 10:54:07
30cm Golden,Factory Item,2026-09-26 10:54:07
30cm Rose,Factory Item,2026-09-26 10:54:07
3288 (factory),Factory Item,2026-09-26 10:54:07
3315 Doctor Set,Factory Item,2026-09-26 10:54:07
3321 (factory Item),Factory Item,2026-09-26 10:54:07
3323 Factory,Factory Item,2026-09-26 10:54:07
333 Tampo Factory,Factory Item,2026-09-26 10:54:07
338 Factory,Factory Item,2026-09-26 10:54:07
3398-1 Factory,Factory Item,2026-09-26 10:54:07
359 Factory Item,Factory Item,2026-09-26 10:54:07
368 Factory,Factory Item,2026-09-26 10:54:07
3902 Doll House Factory,Factory Item,2026-09-26 10:54:07
396 Bike Factory,Factory Item,2026-09-26 10:54:07
40cm Dollar,Factory Item,2026-09-26 10:54:07
40cm Golden,Factory Item,2026-09-26 10:54:07
40cm Rose,Factory Item,2026-09-26 10:54:07
5050 (factory),Factory Item,2026-09-26 10:54:07
50cm,Factory Item,2026-09-26 10:54:07
50cm Rose Popper,Factory Item,2026-09-26 10:54:07
50 Pcs Jhupa Ball,Factory Item,2026-09-26 10:54:07
512 Bc Factory Item,Factory Item,2026-09-26 10:54:07
5598 (factory),Factory Item,2026-09-26 10:54:07
575 Cock,Factory Item,2026-09-26 10:54:07
6288 Heli Factory,Factory Item,2026-09-26 10:54:07
639 (FACTORY),Factory Item,2026-09-26 10:54:07
668 (factory),Factory Item,2026-09-26 10:54:07
676-01 Scooty,Factory Item,2026-09-26 10:54:07
6 Pcs Bowling Set,Factory Item,2026-09-26 10:54:07
7788 (New Factory ),Factory Item,2026-09-26 10:54:07
808 Factory,Factory Item,2026-09-26 10:54:07
838 Factory,Factory Item,2026-09-26 10:54:07
858 Kitchen Bag Big,Factory Item,2026-09-26 10:54:07
858 Kitchen Bag (M) Factory,Factory Item,2026-09-26 10:54:07
858 Kitchen Bag Small,Factory Item,2026-09-26 10:54:07
858 Mix Patta,Factory Item,2026-09-26 10:54:07
858 Small Plastic factory item,Factory Item,2026-09-26 10:54:07
862 Gun,Factory Item,2026-09-26 10:54:07
868 (factory),Factory Item,2026-09-26 10:54:07
877-1 Factory,Factory Item,2026-09-26 10:54:07
886-1 Facory Item,Factory Item,2026-09-26 10:54:07
9817 Factory Item,Factory Item,2026-09-26 10:54:07
998-01 (factory),Factory Item,2026-09-26 10:54:07
9999 Factory,Factory Item,2026-09-26 10:54:07
B023 Block (factory),Factory Item,2026-09-26 10:54:07
B-25 Plane factory,Factory Item,2026-09-26 10:54:07
Baby Watch,Factory Item,2026-09-26 10:54:07
Bag Block Large,Factory Item,2026-09-26 10:54:07
Bag Docter Set,Factory Item,2026-09-26 10:54:07
Ball (factory),Factory Item,2026-09-26 10:54:07
Bat Ball (L),Factory Item,2026-09-26 10:54:07
Bat ball S (factory),Factory Item,2026-09-26 10:54:07
Bat Wicket New Packing,Factory Item,2026-09-26 10:54:07
block bag factory,Factory Item,2026-09-26 10:54:07
Bubble Big,Factory Item,2026-09-26 10:54:07
Bubble Medium,Factory Item,2026-09-26 10:54:07
Bubble Small,Factory Item,2026-09-26 10:54:07
Cambo Set,Factory Item,2026-09-26 10:54:07
Cap L Factory,Factory Item,2026-09-26 10:54:07
Cap Medium Factory,Factory Item,2026-09-26 10:54:07
Cap S Factory,Factory Item,2026-09-26 10:54:07
Cr 44 4way Car,Factory Item,2026-09-26 10:54:07
Crv Factory,Factory Item,2026-09-26 10:54:07
Cube Factory,Factory Item,2026-09-26 10:54:07
D400-4 Factory,Factory Item,2026-09-26 10:54:07
Duck Ring 11 Factory,Factory Item,2026-09-26 10:54:07
Duck ring 5 factory,Factory Item,2026-09-26 10:54:07
Duck ring 7 Factory,Factory Item,2026-09-26 10:54:07
Duck ring 9 Factory,Factory Item,2026-09-26 10:54:07
Fancy Cap New,Factory Item,2026-09-26 10:54:07
Fruit Cut/ set (factory),Factory Item,2026-09-26 10:54:07
Fruit Set Big,Factory Item,2026-09-26 10:54:07
Jambo Fan Bubble,Factory Item,2026-09-26 10:54:07
Jeep Factory,Factory Item,2026-09-26 10:54:07
Jhalar Cap Factory,Factory Item,2026-09-26 10:54:07
Kamar Ring,Factory Item,2026-09-26 10:54:07
Kamar Ring Big,Factory Item,2026-09-26 10:54:07
Khana Khajana 2 Factory,Factory Item,2026-09-26 10:54:07
Khana Khajana 3 Factory,Factory Item,2026-09-26 10:54:07
Knife Factory,Factory Item,2026-09-26 10:54:07
Mala Jeep Factory,Factory Item,2026-09-26 10:54:07
M Banner Nepali,Factory Item,2026-09-26 10:54:07
Music Gun Factory,Factory Item,2026-09-26 10:54:07
New Bubble,Factory Item,2026-09-26 10:54:07
Olympic Ball,Factory Item,2026-09-26 10:54:07
Plane Factory,Factory Item,2026-09-26 10:54:07
Plastic Doctor Set Factory,Factory Item,2026-09-26 10:54:07
Rabbit Khutruke,Factory Item,2026-09-26 10:54:07
Racket (factory),Factory Item,2026-09-26 10:54:07
Racket L,Factory Item,2026-09-26 10:54:07
S77 Factory,Factory Item,2026-09-26 10:54:07
TT Bat Factory,Factory Item,2026-09-26 10:54:07
T.t Bat (s),Factory Item,2026-09-26 10:54:07
U13 (New Factory Item ),Factory Item,2026-09-26 10:54:07
Wicket Factory,Factory Item,2026-09-26 10:54:07
Ymc-7/8/9 Factory,Factory Item,2026-09-26 10:54:07
Ymc-7/8/9 Loose Mala,Factory Item,2026-09-26 10:54:07
Zy860 Block Factory,Factory Item,2026-09-26 10:54:07
Zy 862 Block Factory,Factory Item,2026-09-26 10:54:07
1101E Computer 48pcs,Fancy Toys,2026-09-26 10:54:07
112436 Alloy Car 48 Pcs,Fancy Toys,2026-09-26 10:54:07
1587b Beauty Set,Fancy Toys,2026-09-26 10:54:07
168-23,Fancy Toys,2026-09-26 10:54:07
18282 Toy Diy Knitting,Fancy Toys,2026-09-26 10:54:07
19020b,Fancy Toys,2026-09-26 10:54:07
2008a,Fancy Toys,2026-09-26 10:54:07
20-11DA Car,Fancy Toys,2026-09-26 10:54:07
2020B Electric Toy,Fancy Toys,2026-09-26 10:54:07
2108a,Fancy Toys,2026-09-26 10:54:07
2250 Rc Alloy Car,Fancy Toys,2026-09-26 10:54:07
275 doll house,Fancy Toys,2026-09-26 10:54:07
28832,Fancy Toys,2026-09-26 10:54:07
2A202,Fancy Toys,2026-09-26 10:54:07
3300,Fancy Toys,2026-09-26 10:54:07
3328-12,Fancy Toys,2026-09-26 10:54:07
3568-7A Dining Table 18pcs,Fancy Toys,2026-09-26 10:54:07
3766 Rc Stunt Car,Fancy Toys,2026-09-26 10:54:07
556-53 toy doll house,Fancy Toys,2026-09-26 10:54:07
556-65 Toy Doll House,Fancy Toys,2026-09-26 10:54:07
668-6,Fancy Toys,2026-09-26 10:54:07
6688-87A,Fancy Toys,2026-09-26 10:54:07
7022-2 Toy Gun,Fancy Toys,2026-09-26 10:54:07
7355A Toy Bo Gun,Fancy Toys,2026-09-26 10:54:07
8035,Fancy Toys,2026-09-26 10:54:07
8037E,Fancy Toys,2026-09-26 10:54:07
8088 BO,Fancy Toys,2026-09-26 10:54:07
8088 rc flyer,Fancy Toys,2026-09-26 10:54:07
813 Toy Bo Octopus,Fancy Toys,2026-09-26 10:54:07
8316-A,Fancy Toys,2026-09-26 10:54:07
855-1,Fancy Toys,2026-09-26 10:54:07
8626 Gun,Fancy Toys,2026-09-26 10:54:07
8705 Toy Bo Star Fish,Fancy Toys,2026-09-26 10:54:07
8838A-1 Doctor Toy,Fancy Toys,2026-09-26 10:54:07
899-34 Baby Gym,Fancy Toys,2026-09-26 10:54:07
8994 Electric Car,Fancy Toys,2026-09-26 10:54:07
9018,Fancy Toys,2026-09-26 10:54:07
9021-9022 HOUSE TOY,Fancy Toys,2026-09-26 10:54:07
918-1,Fancy Toys,2026-09-26 10:54:07
919 Guitar,Fancy Toys,2026-09-26 10:54:07
929-11 Ring Bell (16pcs),Fancy Toys,2026-09-26 10:54:07
9313F Doll,Fancy Toys,2026-09-26 10:54:07
96-1k toy car,Fancy Toys,2026-09-26 10:54:07
968 Battery Jhumer,Fancy Toys,2026-09-26 10:54:07
ATM TOY MONEY SAFE,Fancy Toys,2026-09-26 10:54:07
Baby Music Bed 4pcs,Fancy Toys,2026-09-26 10:54:07
Baby Potty Frog/panda/bear,Fancy Toys,2026-09-26 10:54:07
Baby Seat Car,Fancy Toys,2026-09-26 10:54:07
Baby Table,Fancy Toys,2026-09-26 10:54:07
Baby Tent,Fancy Toys,2026-09-26 10:54:07
Baby Trycycle 202,Fancy Toys,2026-09-26 10:54:07
Baby Trycycle 553,Fancy Toys,2026-09-26 10:54:07
Bf 430,Fancy Toys,2026-09-26 10:54:07
Bf 530,Fancy Toys,2026-09-26 10:54:07
Bf 630,Fancy Toys,2026-09-26 10:54:07
Cactus,Fancy Toys,2026-09-26 10:54:07
Cf 927,Fancy Toys,2026-09-26 10:54:07
Ch131,Fancy Toys,2026-09-26 10:54:07
Ch133,Fancy Toys,2026-09-26 10:54:07
Dsj589,Fancy Toys,2026-09-26 10:54:07
Gt-118A Battery,Fancy Toys,2026-09-26 10:54:07
Guitar Big 25'',Fancy Toys,2026-09-26 10:54:07
Guitar Small 21'',Fancy Toys,2026-09-26 10:54:07
H347A,Fancy Toys,2026-09-26 10:54:07
H806a,Fancy Toys,2026-09-26 10:54:07
He0819,Fancy Toys,2026-09-26 10:54:07
Hx134,Fancy Toys,2026-09-26 10:54:07
Hy-007XEK,Fancy Toys,2026-09-26 10:54:07
Laptop Table,Fancy Toys,2026-09-26 10:54:07
Ld139,Fancy Toys,2026-09-26 10:54:07
Ld149,Fancy Toys,2026-09-26 10:54:07
Ld151,Fancy Toys,2026-09-26 10:54:07
Ld165,Fancy Toys,2026-09-26 10:54:07
Magic Slate,Fancy Toys,2026-09-26 10:54:07
Mq5400,Fancy Toys,2026-09-26 10:54:07
Mq5407,Fancy Toys,2026-09-26 10:54:07
P1000,Fancy Toys,2026-09-26 10:54:07
Qf 999-3d,Fancy Toys,2026-09-26 10:54:07
Scooteer Model No HB-01 16 Pcs,Fancy Toys,2026-09-26 10:54:07
Scooter 3201 / 6 Pcs,Fancy Toys,2026-09-26 10:54:07
Scooter G8-4/ N36-n41/ 10 pcs,Fancy Toys,2026-09-26 10:54:07
Skating Shoes,Fancy Toys,2026-09-26 10:54:07
toy dog-888 walking dog,Fancy Toys,2026-09-26 10:54:07
Toy Rabbit,Fancy Toys,2026-09-26 10:54:07
Waker,Fancy Toys,2026-09-26 10:54:07
Yf891,Fancy Toys,2026-09-26 10:54:07
Yj3004,Fancy Toys,2026-09-26 10:54:07
Yj3007,Fancy Toys,2026-09-26 10:54:07
Yj3008,Fancy Toys,2026-09-26 10:54:07
Yj3012,Fancy Toys,2026-09-26 10:54:07
YJ3013,Fancy Toys,2026-09-26 10:54:07
Yj3033,Fancy Toys,2026-09-26 10:54:07
Yj3035,Fancy Toys,2026-09-26 10:54:07
Yj3039,Fancy Toys,2026-09-26 10:54:07
Yj3041,Fancy Toys,2026-09-26 10:54:07
Yj-3044,Fancy Toys,2026-09-26 10:54:07
Yj388-22,Fancy Toys,2026-09-26 10:54:07
Yj388-44,Fancy Toys,2026-09-26 10:54:07
Yj 388-60,Fancy Toys,2026-09-26 10:54:07
Yj388-68 Stunt Car,Fancy Toys,2026-09-26 10:54:07
Yj388-71L,Fancy Toys,2026-09-26 10:54:07
006-6 Pull Line Car,General,2026-09-26 10:54:07
0779E12 Soft Bullet Gun,General,2026-09-26 10:54:07
0841-4 Pull Line Plane,General,2026-09-26 10:54:07
089b Doll,General,2026-09-26 10:54:07
100 Pcs Chamki Ballon New,General,2026-09-26 10:54:07
101,General,2026-09-26 10:54:07
1026 Cake Doll,General,2026-09-26 10:54:07
10CM PU BALL /300PCS PER CRT,General,2026-09-26 10:54:07
1110a5,General,2026-09-26 10:54:07
1118 ENGLISH PUZZLE /96PCS,General,2026-09-26 10:54:07
111-9 Cube,General,2026-09-26 10:54:07
1212-C /144PCS PER CRT,General,2026-09-26 10:54:07
1218 Gun,General,2026-09-26 10:54:07
1238,General,2026-09-26 10:54:07
123/football/butterfly Puffer,General,2026-09-26 10:54:07
12cm Ball,General,2026-09-26 10:54:07
12 Colour Clay (240 pcs),General,2026-09-26 10:54:07
12 Colour Clay Large,General,2026-09-26 10:54:07
12 Colour Clay Small,General,2026-09-26 10:54:07
12 Pcs Slime Clay,General,2026-09-26 10:54:07
1358,General,2026-09-26 10:54:07
138k-6 Beauty,General,2026-09-26 10:54:07
14 Cm Ball,General,2026-09-26 10:54:07
1616 Music Gun,General,2026-09-26 10:54:07
168-15,General,2026-09-26 10:54:07
169-29 RC CAR /72PCS,General,2026-09-26 10:54:07
18cm Ball,General,2026-09-26 10:54:07
1.8 Gm Met Ballon,General,2026-09-26 10:54:07
1 Gram Mix Character Ballon,General,2026-09-26 10:54:07
2000 Pcs Birthday Ballon New,General,2026-09-26 10:54:07
2000 Pcs Chamki Ballon New,General,2026-09-26 10:54:07
2002 Slate Medium,General,2026-09-26 10:54:07
2009A Slate Board,General,2026-09-26 10:54:07
200 ELECTRIC GUN /36PCS PER CRT,General,2026-09-26 10:54:07
2011,General,2026-09-26 10:54:07
2011 Jcb Indian,General,2026-09-26 10:54:07
2012a,General,2026-09-26 10:54:07
2013 Ban Plastic,General,2026-09-26 10:54:07
2014 Ban Patta,General,2026-09-26 10:54:07
2017 Car,General,2026-09-26 10:54:07
202 Tempo,General,2026-09-26 10:54:07
2033,General,2026-09-26 10:54:07
2037,General,2026-09-26 10:54:07
2087a,General,2026-09-26 10:54:07
208 Laser Gun,General,2026-09-26 10:54:07
20 Cm Ball,General,2026-09-26 10:54:07
20pcs Lose Clay (Medium),General,2026-09-26 10:54:07
218 Army Plane,General,2026-09-26 10:54:07
2219A /144PCS,General,2026-09-26 10:54:07
2265,General,2026-09-26 10:54:07
2269A Pull Back Car,General,2026-09-26 10:54:07
22cm Ball,General,2026-09-26 10:54:07
2305D Topspin,General,2026-09-26 10:54:07
2308,General,2026-09-26 10:54:07
2356B Interial Car 144,General,2026-09-26 10:54:07
24cm Net Ball,General,2026-09-26 10:54:07
258B-23 /48PCS PER CRT,General,2026-09-26 10:54:07
2620 Mala Car,General,2026-09-26 10:54:07
2626 Pull Line Car,General,2026-09-26 10:54:07
2630 Pull Line Car,General,2026-09-26 10:54:07
2635 Ring Bell (6pcs),General,2026-09-26 10:54:07
2636 Baby Rattle (6pcs),General,2026-09-26 10:54:07
2637 Ring Bell (10pcs),General,2026-09-26 10:54:07
27-15AS,General,2026-09-26 10:54:07
298-1 Gun,General,2026-09-26 10:54:07
2no Ball,General,2026-09-26 10:54:07
31338,General,2026-09-26 10:54:07
3160 Electric Toy,General,2026-09-26 10:54:07
319 Laser Gun,General,2026-09-26 10:54:07
3288-45 toy baby rattle (900 pcs),General,2026-09-26 10:54:07
3288-C22 Ring Bell (6 Pcs),General,2026-09-26 10:54:07
3288-C23 Ring the Bell (10pcs),General,2026-09-26 10:54:07
3310-4410 Train,General,2026-09-26 10:54:07
333-1 stunt car,General,2026-09-26 10:54:07
333 Pull Line Plane 240pcs,General,2026-09-26 10:54:07
338 Bike,General,2026-09-26 10:54:07
3398-1,General,2026-09-26 10:54:07
3399-1,General,2026-09-26 10:54:07
3488,General,2026-09-26 10:54:07
3504 Drum 60 Pcs,General,2026-09-26 10:54:07
353-68,General,2026-09-26 10:54:07
356 Pull Back Bike,General,2026-09-26 10:54:07
358,General,2026-09-26 10:54:07
3584-3583,General,2026-09-26 10:54:07
35 cm Laughing Doll,General,2026-09-26 10:54:07
360-1,General,2026-09-26 10:54:07
368-1,General,2026-09-26 10:54:07
3788-1 Stunt Car 24pcs,General,2026-09-26 10:54:07
3800(Dog),General,2026-09-26 10:54:07
3830-67 /30PCS,General,2026-09-26 10:54:07
389 Slate Board,General,2026-09-26 10:54:07
3901 Packate Dr Set,General,2026-09-26 10:54:07
396 Car,General,2026-09-26 10:54:07
3no Ball,General,2026-09-26 10:54:07
3 Pcs Chuchu,General,2026-09-26 10:54:07
42 Pcs Colour Box,General,2026-09-26 10:54:07
42t-4 Light Spray Kit 18pcs,General,2026-09-26 10:54:07
46PCS ROUND COLOR BOX,General,2026-09-26 10:54:07
4 in 1 Box Laser Light,General,2026-09-26 10:54:07
4 Pcs Car Bl946650 Crtn No H22-H23,General,2026-09-26 10:54:07
4 Pcs Motorbike Bl801486 Crtn No H24-H25,General,2026-09-26 10:54:07
501 6ch Rc Car,General,2026-09-26 10:54:07
502-132 Doctor Toy 72pcs,General,2026-09-26 10:54:07
551-1 Pull Line Plane,General,2026-09-26 10:54:07
5598-D School Bus,General,2026-09-26 10:54:07
56441 Swimming Pool 6pcs,General,2026-09-26 10:54:07
565-R2,General,2026-09-26 10:54:07
57100 Swimming Pool 6 Pcs,General,2026-09-26 10:54:07
5856a,General,2026-09-26 10:54:07
585-99 Electric Gun,General,2026-09-26 10:54:07
588-76 /36PCS,General,2026-09-26 10:54:07
595-13-15,General,2026-09-26 10:54:07
5 NO BALL (16),General,2026-09-26 10:54:07
5 NO BALL (9.5),General,2026-09-26 10:54:07
603-1 Scooter,General,2026-09-26 10:54:07
606-38 /24PCS PER CRT,General,2026-09-26 10:54:07
6068 Electric Fish,General,2026-09-26 10:54:07
614 Fruit Cutting,General,2026-09-26 10:54:07
6161-301 Doll,General,2026-09-26 10:54:07
620-1 Gun 448pcs,General,2026-09-26 10:54:07
6328sch,General,2026-09-26 10:54:07
6399 2.4g Rc 36pc,General,2026-09-26 10:54:07
6.3 Pu Ball,General,2026-09-26 10:54:07
651-652 Cube,General,2026-09-26 10:54:07
65T-4/3 Pink/ Blue 10/18pcs,General,2026-09-26 10:54:07
660-A69 /24PCS PER CRT,General,2026-09-26 10:54:07
660B /48PCS,General,2026-09-26 10:54:07
660-S06 /48PCS PER CRT,General,2026-09-26 10:54:07
6610-1 Makeup Toy,General,2026-09-26 10:54:07
666 Mala Cycle,General,2026-09-26 10:54:07
668-05 Electric Toy,General,2026-09-26 10:54:07
668-1,General,2026-09-26 10:54:07
668-263A /24PCS,General,2026-09-26 10:54:07
668-2 Battery Fish,General,2026-09-26 10:54:07
668 Mala Bike,General,2026-09-26 10:54:07
669-010,General,2026-09-26 10:54:07
678-3 / Wheels R/c,General,2026-09-26 10:54:07
6869 Icecream Pata Small,General,2026-09-26 10:54:07
6869 Icecream Patta Large,General,2026-09-26 10:54:07
688,General,2026-09-26 10:54:07
6899M,General,2026-09-26 10:54:07
68 Pcs Colour Box,General,2026-09-26 10:54:07
6 Pcs  Shining Candel,General,2026-09-26 10:54:07
6 Pcs Slime Clay,General,2026-09-26 10:54:07
6x30 Binocular Box,General,2026-09-26 10:54:07
729-2 Gun,General,2026-09-26 10:54:07
7601 Save Money Box,General,2026-09-26 10:54:07
7.6cm Pu Ball /600PCS PER CRT,General,2026-09-26 10:54:07
772,General,2026-09-26 10:54:07
7732 Walkie Talkie 96pc,General,2026-09-26 10:54:07
778A Mental Rc Car with Battery,General,2026-09-26 10:54:07
8018a,General,2026-09-26 10:54:07
801 Slate Board Big,General,2026-09-26 10:54:07
8061 / 8017a Water Game Big,General,2026-09-26 10:54:07
808-1A Learning Toy,General,2026-09-26 10:54:07
8161A Inertia Car 144pcs,General,2026-09-26 10:54:07
818A Drive by Wire,General,2026-09-26 10:54:07
826 /144PCS PER CRT,General,2026-09-26 10:54:07
8288-12,General,2026-09-26 10:54:07
8288-1A Gun,General,2026-09-26 10:54:07
8288-21B Soft Bullet Gun,General,2026-09-26 10:54:07
832 Electric Car,General,2026-09-26 10:54:07
838-11 Police Gun 240pcs,General,2026-09-26 10:54:07
838 Inertia Car,General,2026-09-26 10:54:07
859-06 KITCHEN /60PCS,General,2026-09-26 10:54:07
860 Block,General,2026-09-26 10:54:07
861 Block,General,2026-09-26 10:54:07
862 Block,General,2026-09-26 10:54:07
868-3 Electric Toy,General,2026-09-26 10:54:07
868 Duplicate,General,2026-09-26 10:54:07
868 (O),General,2026-09-26 10:54:07
877-1 Interial Car,General,2026-09-26 10:54:07
8800-2,General,2026-09-26 10:54:07
881-1 Hero,General,2026-09-26 10:54:07
886-1 Patta Dr Set,General,2026-09-26 10:54:07
886-2 beaty set,General,2026-09-26 10:54:07
886-6 Kitchen Set,General,2026-09-26 10:54:07
886-7 Kitchen Helper,General,2026-09-26 10:54:07
888-13 Pull Line Car with Bell 432,General,2026-09-26 10:54:07
888 Binacular Cheap,General,2026-09-26 10:54:07
89600 Surprise Ball,General,2026-09-26 10:54:07
901-456 Makeup Set 24pcs,General,2026-09-26 10:54:07
911-8 Toy Car,General,2026-09-26 10:54:07
917 MONOPOLY /96PCS,General,2026-09-26 10:54:07
92336-99 accessory,General,2026-09-26 10:54:07
929-97 Chinchin,General,2026-09-26 10:54:07
929 Guitar,General,2026-09-26 10:54:07
930-12 Interial Car,General,2026-09-26 10:54:07
9500-05,General,2026-09-26 10:54:07
9500-20b,General,2026-09-26 10:54:07
953y,General,2026-09-26 10:54:07
9668-3 Toy Car,General,2026-09-26 10:54:07
966LS-3C /144PCS,General,2026-09-26 10:54:07
9802m,General,2026-09-26 10:54:07
9803 Big Car,General,2026-09-26 10:54:07
9812 Slate Small,General,2026-09-26 10:54:07
9908 Gun,General,2026-09-26 10:54:07
991-1 Threading Bread,General,2026-09-26 10:54:07
9926+ /48PCS,General,2026-09-26 10:54:07
9927 /36PCS,General,2026-09-26 10:54:07
9951-5 Water Dispenser,General,2026-09-26 10:54:07
998-03,General,2026-09-26 10:54:07
998-05,General,2026-09-26 10:54:07
998-100 24pcs,General,2026-09-26 10:54:07
998-36,General,2026-09-26 10:54:07
998-64 36pcs,General,2026-09-26 10:54:07
999-222 Bus 192pcs,General,2026-09-26 10:54:07
999-606 Interial Bus,General,2026-09-26 10:54:07
A20 / A10 Mix Mala Dino,General,2026-09-26 10:54:07
A28 / 1 Mix Army Mala,General,2026-09-26 10:54:07
A6 Mala Bike,General,2026-09-26 10:54:07
AA555 1B /120PCS,General,2026-09-26 10:54:07
Abcd And 123 Mix,General,2026-09-26 10:54:07
Avenger Gun,General,2026-09-26 10:54:07
B194 Soft Bullet Gun,General,2026-09-26 10:54:07
B-68C Guitar,General,2026-09-26 10:54:07
Baby Book,General,2026-09-26 10:54:07
Baby Folding Mat /20pcs Per Crt,General,2026-09-26 10:54:07
Baby Shaking Bell 696-R61,General,2026-09-26 10:54:07
Ballon Glue,General,2026-09-26 10:54:07
Ballon Stick,General,2026-09-26 10:54:07
Ball Pump,General,2026-09-26 10:54:07
Batman,General,2026-09-26 10:54:07
Battery,General,2026-09-26 10:54:07
BB8973F Gun Toy,General,2026-09-26 10:54:07
Big Eye Ball,General,2026-09-26 10:54:07
Big Soft Doll,General,2026-09-26 10:54:07
Birthday Ballon Card,General,2026-09-26 10:54:07
Birthday Cup,General,2026-09-26 10:54:07
Bl35940 Spider Gun,General,2026-09-26 10:54:07
Bl779342 H40-H44 80pcs,General,2026-09-26 10:54:07
Card Ball,General,2026-09-26 10:54:07
Cartoon Tape,General,2026-09-26 10:54:07
Chakre Udhni/ghirni,General,2026-09-26 10:54:07
Chamki 100 Pcs,General,2026-09-26 10:54:07
Chamki 2000 Pcs,General,2026-09-26 10:54:07
Chuchu Animal 6 Pcs,General,2026-09-26 10:54:07
City Bird Patta,General,2026-09-26 10:54:07
Clay Mickey Mouse (120pcs),General,2026-09-26 10:54:07
Coffee Cup,General,2026-09-26 10:54:07
Corana Ball,General,2026-09-26 10:54:07
Cute Teddy/bear Chinchin,General,2026-09-26 10:54:07
Cx100 / 48pcs Per Crt,General,2026-09-26 10:54:07
Decor Flower Stick,General,2026-09-26 10:54:07
Dl-338 Electric Toy,General,2026-09-26 10:54:07
Doctor Set Old,General,2026-09-26 10:54:07
Doll Light Stick,General,2026-09-26 10:54:07
Double Tipper Large Bl032816 Ctn No H19-H21,General,2026-09-26 10:54:07
Double Tipper Small BL735004 Crtn No H14-H18,General,2026-09-26 10:54:07
Ds-19 Intertia Car,General,2026-09-26 10:54:07
Ds480-3 Tractor,General,2026-09-26 10:54:07
DSJ55-2,General,2026-09-26 10:54:07
E- Book,General,2026-09-26 10:54:07
F2288 /72PCS PER CRT,General,2026-09-26 10:54:07
F2288-9 Electric Gun,General,2026-09-26 10:54:07
FA23B /20PCS PER CRT,General,2026-09-26 10:54:07
Fancy Squeezy Ball,General,2026-09-26 10:54:07
Fancy Water Bottle,General,2026-09-26 10:54:07
Fancy Water Game,General,2026-09-26 10:54:07
Finger Top Wheel,General,2026-09-26 10:54:07
Flashing Spiky Ball,General,2026-09-26 10:54:07
Flower Girini,General,2026-09-26 10:54:07
Football,General,2026-09-26 10:54:07
Football City,General,2026-09-26 10:54:07
G5 Tv + Hand Game,General,2026-09-26 10:54:07
Gb638,General,2026-09-26 10:54:07
Glue Stick,General,2026-09-26 10:54:07
Handel Butterfly/bear/grip Chichin,General,2026-09-26 10:54:07
Hawa Ghoda,General,2026-09-26 10:54:07
HC-002E-6 /84PCS PER CRT,General,2026-09-26 10:54:07
HC-129B-11 /36PCS PER CRT,General,2026-09-26 10:54:07
HC-196C-02 /60PCS PER CRT,General,2026-09-26 10:54:07
He0639,General,2026-09-26 10:54:07
HJ651 24PCS PER CRT,General,2026-09-26 10:54:07
Hk600,General,2026-09-26 10:54:07
Hot Wheels 688-8/10/14 Mt-1,General,2026-09-26 10:54:07
Hsy01,General,2026-09-26 10:54:07
Hy Allow Metal Car,General,2026-09-26 10:54:07
Indian Item,General,2026-09-26 10:54:07
Jali Ball/ radium/beach ball,General,2026-09-26 10:54:07
Js076A,General,2026-09-26 10:54:07
Js082A,General,2026-09-26 10:54:07
JS083,General,2026-09-26 10:54:07
Kanta Ball,General,2026-09-26 10:54:07
Keychain Doll Big Bl977433,General,2026-09-26 10:54:07
Keychain Doll Bl974159 Crtn No H77,General,2026-09-26 10:54:07
Kk375,General,2026-09-26 10:54:07
Kk 3904,General,2026-09-26 10:54:07
KZ957-006 Pull Back Car,General,2026-09-26 10:54:07
Labubu Doll,General,2026-09-26 10:54:07
Laser Box Long,General,2026-09-26 10:54:07
Laser India small box,General,2026-09-26 10:54:07
Ld162,General,2026-09-26 10:54:07
Ld166,General,2026-09-26 10:54:07
Ld182,General,2026-09-26 10:54:07
Lh1802r,General,2026-09-26 10:54:07
Light Ball,General,2026-09-26 10:54:07
Light Ballon,General,2026-09-26 10:54:07
Light Ghirni 21cm,General,2026-09-26 10:54:07
Light Ghirni 24cm,General,2026-09-26 10:54:07
Light Knife,General,2026-09-26 10:54:07
Light Smiley Ball,General,2026-09-26 10:54:07
Loose Keyring Laser Light,General,2026-09-26 10:54:07
Love Light Stick,General,2026-09-26 10:54:07
M-201 Monster,General,2026-09-26 10:54:07
Magic Cube,General,2026-09-26 10:54:07
Magic Slate 12'',General,2026-09-26 10:54:07
Magic Slate 15'',General,2026-09-26 10:54:07
Md8838,General,2026-09-26 10:54:07
Medium Soft Doll,General,2026-09-26 10:54:07
Melodica 32 Key,General,2026-09-26 10:54:07
Melodica 37 Key,General,2026-09-26 10:54:07
Mf 8841 Cube,General,2026-09-26 10:54:07
Moon Ball,General,2026-09-26 10:54:07
Mota Ball,General,2026-09-26 10:54:07
Mr Yod Mikasha/football,General,2026-09-26 10:54:07
Music Gun 252pcs,General,2026-09-26 10:54:07
New Skipping Rope /200PCS PER CRT,General,2026-09-26 10:54:07
No 560-1c,General,2026-09-26 10:54:07
P88 Gun,General,2026-09-26 10:54:07
Pani Ball,General,2026-09-26 10:54:07
Patta Kitchen A006,General,2026-09-26 10:54:07
Patta Laser Light Keyring/18 pcs,General,2026-09-26 10:54:07
Patta Laser Light sada/20 pcs,General,2026-09-26 10:54:07
Pencil Box,General,2026-09-26 10:54:07
Pepsi Jali Ball,General,2026-09-26 10:54:07
PS 317,General,2026-09-26 10:54:07
QB-10Y /120PCS PER CRT,General,2026-09-26 10:54:07
QB-113Y /72PCS PER CRT,General,2026-09-26 10:54:07
QB-183Y /72PCS PER CRT,General,2026-09-26 10:54:07
QB-186Y /72PCS PER CRT,General,2026-09-26 10:54:07
QF430-80 /24PCS,General,2026-09-26 10:54:07
Rubber Ball 2 No,General,2026-09-26 10:54:07
Rubber Football,General,2026-09-26 10:54:07
S888,General,2026-09-26 10:54:07
Sank Magic,General,2026-09-26 10:54:07
Skipping Rope,General,2026-09-26 10:54:07
Slime,General,2026-09-26 10:54:07
Small Soft Doll,General,2026-09-26 10:54:07
Snake,General,2026-09-26 10:54:07
So-53 Jumping Ball,General,2026-09-26 10:54:07
Spinning Top 72pcs Per Crt,General,2026-09-26 10:54:07
Squeezy Ball,General,2026-09-26 10:54:07
Stunt Car Bl754836 H29-H33,General,2026-09-26 10:54:07
Swimming Googles,General,2026-09-26 10:54:07
Table Tennis Bat 360 Per Crt,General,2026-09-26 10:54:07
Talking Tom,General,2026-09-26 10:54:07
Th-29,General,2026-09-26 10:54:07
Tl09 Electric Train 48pcs,General,2026-09-26 10:54:07
Toy Aircraft JYX2055,General,2026-09-26 10:54:07
Toy Doll Bl803510 Ctrn No H37,General,2026-09-26 10:54:07
Toy Doll Bl833607 H38,General,2026-09-26 10:54:07
Toy Duck,General,2026-09-26 10:54:07
Toy Giraffe,General,2026-09-26 10:54:07
Toy Top,General,2026-09-26 10:54:07
TRICYCLE 526 /6PCS PER CRT,General,2026-09-26 10:54:07
TRICYCLE 567 /4PCS PER CRT,General,2026-09-26 10:54:07
U77 JCB INDIAN,General,2026-09-26 10:54:07
UC024-1 /72PCS,General,2026-09-26 10:54:07
Uj99-Py220 Rc Car with Light and Battery,General,2026-09-26 10:54:07
Unused 3321,General,2026-09-26 10:54:07
Volley Ball,General,2026-09-26 10:54:07
Water Book,General,2026-09-26 10:54:07
Watergame 932/1103/007 Small,General,2026-09-26 10:54:07
Whistle 2400 Pcs,General,2026-09-26 10:54:07
Wooden Abcd and 123,General,2026-09-26 10:54:07
Wy848,General,2026-09-26 10:54:07
X2020 Laptop 72pcs,General,2026-09-26 10:54:07
X2 Tv Game,General,2026-09-26 10:54:07
X716 Kitchen Set,General,2026-09-26 10:54:07
X9 Handgame,General,2026-09-26 10:54:07
Xy899-71 Interial Car,General,2026-09-26 10:54:07
YF1790-6 /48PCS PER CRT,General,2026-09-26 10:54:07
YF1806-5 /120 PER CRT,General,2026-09-26 10:54:07
YF372B /12PCS PER CRT,General,2026-09-26 10:54:07
YM-C7 4pcs Friction Truck,General,2026-09-26 10:54:07
YoYo Patta,General,2026-09-26 10:54:07
YQY-29 /60PCS PER CRT,General,2026-09-26 10:54:07
YQY-30 /60PCS PER CRT,General,2026-09-26 10:54:07
YS 899-17 Doll,General,2026-09-26 10:54:07
001-a Gun,Indian Item,2026-09-26 10:54:07
009(Gun),Indian Item,2026-09-26 10:54:07
022,Indian Item,2026-09-26 10:54:07
0408 Lee,Indian Item,2026-09-26 10:54:07
072 Jcb,Indian Item,2026-09-26 10:54:07
075 Phone,Indian Item,2026-09-26 10:54:07
0824 Ben 10 Car,Indian Item,2026-09-26 10:54:07
0909 Litle Bus,Indian Item,2026-09-26 10:54:07
1028 Rainbow Ring,Indian Item,2026-09-26 10:54:07
105 / Mobile Dr Patta,Indian Item,2026-09-26 10:54:07
108 AMBULANCE NTP,Indian Item,2026-09-26 10:54:07
1111 Cycle,Indian Item,2026-09-26 10:54:07
111-b,Indian Item,2026-09-26 10:54:07
1207,Indian Item,2026-09-26 10:54:07
1210 SCOOTY 3DZ,Indian Item,2026-09-26 10:54:07
1210s Indian,Indian Item,2026-09-26 10:54:07
12 inch Thar Jeep,Indian Item,2026-09-26 10:54:07
12pcs Small Thar,Indian Item,2026-09-26 10:54:07
138 Gun Mt 440pcs,Indian Item,2026-09-26 10:54:07
139 Beauty Set,Indian Item,2026-09-26 10:54:07
16cm Ball,Indian Item,2026-09-26 10:54:07
1704 Mini Copter,Indian Item,2026-09-26 10:54:07
171 Plane,Indian Item,2026-09-26 10:54:07
19007 Black Train,Indian Item,2026-09-26 10:54:07
1909s Spiderman,Indian Item,2026-09-26 10:54:07
1997 Mabir Truck,Indian Item,2026-09-26 10:54:07
1998A Balaji Oil Tanker/balaji jcb,Indian Item,2026-09-26 10:54:07
2002 Gun,Indian Item,2026-09-26 10:54:07
2002 Plane,Indian Item,2026-09-26 10:54:07
2014 Pull Line Car,Indian Item,2026-09-26 10:54:07
2017 Jcb Dumper,Indian Item,2026-09-26 10:54:07
2018 Indian Car,Indian Item,2026-09-26 10:54:07
2019 Lovely Chicken,Indian Item,2026-09-26 10:54:07
2021-7 Telispic Car,Indian Item,2026-09-26 10:54:07
2023 Candy Fish,Indian Item,2026-09-26 10:54:07
2031 Doll House,Indian Item,2026-09-26 10:54:07
2032 Baja,Indian Item,2026-09-26 10:54:07
2034 Fish,Indian Item,2026-09-26 10:54:07
2068 Gun Tc Box Mt,Indian Item,2026-09-26 10:54:07
2071/2074 Mix,Indian Item,2026-09-26 10:54:07
208-48,Indian Item,2026-09-26 10:54:07
208-c Rato Baan,Indian Item,2026-09-26 10:54:07
20pcs Box Churi,Indian Item,2026-09-26 10:54:07
2120 Dtx Car,Indian Item,2026-09-26 10:54:07
2223 Little Chicken,Indian Item,2026-09-26 10:54:07
2228 Damru,Indian Item,2026-09-26 10:54:07
222ab Duck Bird Dandi,Indian Item,2026-09-26 10:54:07
2239E Dr Set,Indian Item,2026-09-26 10:54:07
230-1 Indian Item,Indian Item,2026-09-26 10:54:07
2663 B,Indian Item,2026-09-26 10:54:07
2 No ROXX Mini,Indian Item,2026-09-26 10:54:07
2 Way R/c Car,Indian Item,2026-09-26 10:54:07
333-3 Chargeble Jeep,Indian Item,2026-09-26 10:54:07
333 Jeep Med,Indian Item,2026-09-26 10:54:07
3636 Car Indian,Indian Item,2026-09-26 10:54:07
3688 Indian,Indian Item,2026-09-26 10:54:07
3906 Doll House,Indian Item,2026-09-26 10:54:07
399-44 Flying Fish,Indian Item,2026-09-26 10:54:07
4088 Gun,Indian Item,2026-09-26 10:54:07
40cm Laughing Doll,Indian Item,2026-09-26 10:54:07
4444 Best Car,Indian Item,2026-09-26 10:54:07
448 Car,Indian Item,2026-09-26 10:54:07
48pcs Churi,Indian Item,2026-09-26 10:54:07
5042 USA Dumper,Indian Item,2026-09-26 10:54:07
504 Doctor Set,Indian Item,2026-09-26 10:54:07
505,Indian Item,2026-09-26 10:54:07
5050 Car,Indian Item,2026-09-26 10:54:07
5166 Jcb,Indian Item,2026-09-26 10:54:07
5528 Lion,Indian Item,2026-09-26 10:54:07
5556 King Jcb,Indian Item,2026-09-26 10:54:07
558-30,Indian Item,2026-09-26 10:54:07
575 Peacock,Indian Item,2026-09-26 10:54:07
599-12 60 Pcs,Indian Item,2026-09-26 10:54:07
6004 Dozwr Road Rolla,Indian Item,2026-09-26 10:54:07
609 Jeep Indian,Indian Item,2026-09-26 10:54:07
612 Doll,Indian Item,2026-09-26 10:54:07
6169 Beblet,Indian Item,2026-09-26 10:54:07
6366,Indian Item,2026-09-26 10:54:07
666-1 Intertial CarD400-3,Indian Item,2026-09-26 10:54:07
6668-11 Robort,Indian Item,2026-09-26 10:54:07
6825 Jcb,Indian Item,2026-09-26 10:54:07
686 Mouser Gun,Indian Item,2026-09-26 10:54:07
6 Pcs Small Thar,Indian Item,2026-09-26 10:54:07
7006 Doll,Indian Item,2026-09-26 10:54:07
715 / 716,Indian Item,2026-09-26 10:54:07
722 Horse,Indian Item,2026-09-26 10:54:07
7477-8 Animal Set,Indian Item,2026-09-26 10:54:07
7555 Jcb,Indian Item,2026-09-26 10:54:07
767-H1 Hummer,Indian Item,2026-09-26 10:54:07
768 Mouser Gun Small,Indian Item,2026-09-26 10:54:07
7703,Indian Item,2026-09-26 10:54:07
7712 Local,Indian Item,2026-09-26 10:54:07
777-1 Border Steering Jeep,Indian Item,2026-09-26 10:54:07
77815 Rc Plane at,Indian Item,2026-09-26 10:54:07
812 Mousere Gun Black,Indian Item,2026-09-26 10:54:07
812 Mouser Gun Colour,Indian Item,2026-09-26 10:54:07
818-3 Bubble,Indian Item,2026-09-26 10:54:07
838 Gilhary,Indian Item,2026-09-26 10:54:07
877-31,Indian Item,2026-09-26 10:54:07
8802 Friction Bus,Indian Item,2026-09-26 10:54:07
8803 Bus,Indian Item,2026-09-26 10:54:07
8808 Lady Cycle,Indian Item,2026-09-26 10:54:07
8887 Car,Indian Item,2026-09-26 10:54:07
8923-4 Doll,Indian Item,2026-09-26 10:54:07
896-6/7/8,Indian Item,2026-09-26 10:54:07
9299-29,Indian Item,2026-09-26 10:54:07
9803-18 (Copter),Indian Item,2026-09-26 10:54:07
9901,Indian Item,2026-09-26 10:54:07
9993 Police Jeep,Indian Item,2026-09-26 10:54:07
ABC4(H),Indian Item,2026-09-26 10:54:07
ABC4 mat,Indian Item,2026-09-26 10:54:07
ABC6 mat,Indian Item,2026-09-26 10:54:07
ABCFIG mat,Indian Item,2026-09-26 10:54:07
AL007 180 Pcs,Indian Item,2026-09-26 10:54:07
Al031 Cow,Indian Item,2026-09-26 10:54:07
Am882 Pubg Gun,Indian Item,2026-09-26 10:54:07
Ambulance,Indian Item,2026-09-26 10:54:07
American Jeep,Indian Item,2026-09-26 10:54:07
Anaya 6pcs Thar,Indian Item,2026-09-26 10:54:07
Animal Set,Indian Item,2026-09-26 10:54:07
Animal Set Mix,Indian Item,2026-09-26 10:54:07
Ap5077,Indian Item,2026-09-26 10:54:07
Ap9922,Indian Item,2026-09-26 10:54:07
Auto,Indian Item,2026-09-26 10:54:07
B 20 Car,Indian Item,2026-09-26 10:54:07
B99 Car,Indian Item,2026-09-26 10:54:07
Baby Block Indian,Indian Item,2026-09-26 10:54:07
Baby Ping Normal/music,Indian Item,2026-09-26 10:54:07
BBC3 cube,Indian Item,2026-09-26 10:54:07
Big Animal Set,Indian Item,2026-09-26 10:54:07
Big Crazy Car (P),Indian Item,2026-09-26 10:54:07
Big Google Truck/ Dumper,Indian Item,2026-09-26 10:54:07
Big Safrola Set,Indian Item,2026-09-26 10:54:07
Block Bag Indain,Indian Item,2026-09-26 10:54:07
Bmx Ultra R/c Car Ut,Indian Item,2026-09-26 10:54:07
Boka Racket,Indian Item,2026-09-26 10:54:07
Bombay Taxi,Indian Item,2026-09-26 10:54:07
Box Ring (20 Pcs),Indian Item,2026-09-26 10:54:07
BS07,Indian Item,2026-09-26 10:54:07
Bt Ambulance,Indian Item,2026-09-26 10:54:07
Bugati Car (Atm),Indian Item,2026-09-26 10:54:07
Butterfly,Indian Item,2026-09-26 10:54:07
Cake Topper Indain 100pkt,Indian Item,2026-09-26 10:54:07
Ch3072,Indian Item,2026-09-26 10:54:07
Chuchu Animal Mix Med,Indian Item,2026-09-26 10:54:07
Coffe Set 0755,Indian Item,2026-09-26 10:54:07
Country Doll House 24,Indian Item,2026-09-26 10:54:07
CR-0987,Indian Item,2026-09-26 10:54:07
Cr-2203 Rabbit Phone,Indian Item,2026-09-26 10:54:07
Cr-222ab,Indian Item,2026-09-26 10:54:07
Cr 3602 Spiderman Set,Indian Item,2026-09-26 10:54:07
Cr-7477-6/ Animal Set,Indian Item,2026-09-26 10:54:07
Crazy Car,Indian Item,2026-09-26 10:54:07
Crazy Car Medium,Indian Item,2026-09-26 10:54:07
Crbq 90 /80,Indian Item,2026-09-26 10:54:07
CR-Fn018 Wind Up,Indian Item,2026-09-26 10:54:07
Cr-zh007 super colourful archery,Indian Item,2026-09-26 10:54:07
D108 Indian,Indian Item,2026-09-26 10:54:07
D-68 Plane,Indian Item,2026-09-26 10:54:07
D-999 Indian,Indian Item,2026-09-26 10:54:07
Doctor Phone Set,Indian Item,2026-09-26 10:54:07
Doll House 34,Indian Item,2026-09-26 10:54:07
Double Tape,Indian Item,2026-09-26 10:54:07
Dr Chasma Patta,Indian Item,2026-09-26 10:54:07
F07A Jet Plane,Indian Item,2026-09-26 10:54:07
F1771,Indian Item,2026-09-26 10:54:07
F-34 Furniture Set,Indian Item,2026-09-26 10:54:07
F701-4 farm animal,Indian Item,2026-09-26 10:54:07
Face Mask,Indian Item,2026-09-26 10:54:07
Famous Car,Indian Item,2026-09-26 10:54:07
Fancy Crown,Indian Item,2026-09-26 10:54:07
Fiber Thar Jeep,Indian Item,2026-09-26 10:54:07
Fm Truck,Indian Item,2026-09-26 10:54:07
Gatling Gun Platics Indian,Indian Item,2026-09-26 10:54:07
Gattling Gun 148pcs,Indian Item,2026-09-26 10:54:07
H-63,Indian Item,2026-09-26 10:54:07
Hb353,Indian Item,2026-09-26 10:54:07
Highway Truck,Indian Item,2026-09-26 10:54:07
Hk121 Small Hulk with Light,Indian Item,2026-09-26 10:54:07
Honda Crv Car,Indian Item,2026-09-26 10:54:07
Hummer Car,Indian Item,2026-09-26 10:54:07
Ice Cream Car,Indian Item,2026-09-26 10:54:07
Jhula,Indian Item,2026-09-26 10:54:07
Jimmy Car,Indian Item,2026-09-26 10:54:07
Karishma Doll,Indian Item,2026-09-26 10:54:07
Keychain Labubu Doll,Indian Item,2026-09-26 10:54:07
Kfc Kitchen Set,Indian Item,2026-09-26 10:54:07
Khana Khajana 1,Indian Item,2026-09-26 10:54:07
Khana Khajana 3,Indian Item,2026-09-26 10:54:07
Knife Chakku,Indian Item,2026-09-26 10:54:07
Ks U2,Indian Item,2026-09-26 10:54:07
KSU3 Kitchen Set,Indian Item,2026-09-26 10:54:07
Laptop Table Indian Print,Indian Item,2026-09-26 10:54:07
Laptop Table Indian Sada,Indian Item,2026-09-26 10:54:07
Laptop Table Steel/usb,Indian Item,2026-09-26 10:54:07
Light Chinchin Indian,Indian Item,2026-09-26 10:54:07
Light Cycle Pin Indain,Indian Item,2026-09-26 10:54:07
Light Wheels,Indian Item,2026-09-26 10:54:07
Lp-15,Indian Item,2026-09-26 10:54:07
Lp-19,Indian Item,2026-09-26 10:54:07
M-408,Indian Item,2026-09-26 10:54:07
M40 Gun Box Mt(36 Pcs),Indian Item,2026-09-26 10:54:07
M416 GUN Indian,Indian Item,2026-09-26 10:54:07
Mini Doremon Dr Set,Indian Item,2026-09-26 10:54:07
Mini Google Mix,Indian Item,2026-09-26 10:54:07
Mini Hulk Thar,Indian Item,2026-09-26 10:54:07
Mini Saffola,Indian Item,2026-09-26 10:54:07
Mini Sanik Gun,Indian Item,2026-09-26 10:54:07
Mini Thar 11 inch,Indian Item,2026-09-26 10:54:07
Mini/ultra Thar 7 inch,Indian Item,2026-09-26 10:54:07
Miss Tannu Doll,Indian Item,2026-09-26 10:54:07
Mix Kitchen Set,Indian Item,2026-09-26 10:54:07
Mlt47,Indian Item,2026-09-26 10:54:07
Mobile Patta Doctor Set,Indian Item,2026-09-26 10:54:07
Monika Doll,Indian Item,2026-09-26 10:54:07
Monika Family,Indian Item,2026-09-26 10:54:07
Monster Car,Indian Item,2026-09-26 10:54:07
Monster Ktm,Indian Item,2026-09-26 10:54:07
Monster Tank,Indian Item,2026-09-26 10:54:07
Mt 2250 Dr Set,Indian Item,2026-09-26 10:54:07
Music Chakku,Indian Item,2026-09-26 10:54:07
New Silky Saree/ Bag,Indian Item,2026-09-26 10:54:07
P689 Local,Indian Item,2026-09-26 10:54:07
Pari Doctor Set,Indian Item,2026-09-26 10:54:07
Patta Fruit Set,Indian Item,2026-09-26 10:54:07
Perk Set,Indian Item,2026-09-26 10:54:07
PG007 Shooting Gun,Indian Item,2026-09-26 10:54:07
Pick Up Dumper,Indian Item,2026-09-26 10:54:07
Police Van,Indian Item,2026-09-26 10:54:07
Polo Truck,Indian Item,2026-09-26 10:54:07
Polo Zoo,Indian Item,2026-09-26 10:54:07
Q701-6 animal set,Indian Item,2026-09-26 10:54:07
Q701-8 Animal Set,Indian Item,2026-09-26 10:54:07
Qf378-3 Car,Indian Item,2026-09-26 10:54:07
Rizwani,Indian Item,2026-09-26 10:54:07
Robo Buddies (Atr-001),Indian Item,2026-09-26 10:54:07
ROX00 Thar,Indian Item,2026-09-26 10:54:07
Roxx 00 Thar Indian,Indian Item,2026-09-26 10:54:07
Rukmani Doll Mix,Indian Item,2026-09-26 10:54:07
Russain Tank,Indian Item,2026-09-26 10:54:07
S132 Toy Die Cast,Indian Item,2026-09-26 10:54:07
S 164 Mini Car,Indian Item,2026-09-26 10:54:07
S-3688 Chargeble Car,Indian Item,2026-09-26 10:54:07
S-77 Bull Dozer,Indian Item,2026-09-26 10:54:07
Safari Jeep,Indian Item,2026-09-26 10:54:07
Saffola,Indian Item,2026-09-26 10:54:07
SC3 cube,Indian Item,2026-09-26 10:54:07
SC3 DP cube,Indian Item,2026-09-26 10:54:07
Sexy Doll,Indian Item,2026-09-26 10:54:07
Sing Light,Indian Item,2026-09-26 10:54:07
SL110 White Board,Indian Item,2026-09-26 10:54:07
Small Size Block,Indian Item,2026-09-26 10:54:07
SM Mix Fruit Fan,Indian Item,2026-09-26 10:54:07
Sofa Set,Indian Item,2026-09-26 10:54:07
Sofiya Doll,Indian Item,2026-09-26 10:54:07
Sp-101 Spider Car,Indian Item,2026-09-26 10:54:07
Speedo T-90 Car,Indian Item,2026-09-26 10:54:07
St004 Scooty,Indian Item,2026-09-26 10:54:07
Stunt Car 48 Pcs,Indian Item,2026-09-26 10:54:07
Subh Annaprashan Banner S,Indian Item,2026-09-26 10:54:07
Suitcase Doctor Set,Indian Item,2026-09-26 10:54:07
Sunflower/butterfly/guitar Rattle,Indian Item,2026-09-26 10:54:07
Tartar Gun (B),Indian Item,2026-09-26 10:54:07
Tartar Gun (S),Indian Item,2026-09-26 10:54:07
Td47,Indian Item,2026-09-26 10:54:07
Tesla,Indian Item,2026-09-26 10:54:07
Tg01,Indian Item,2026-09-26 10:54:07
Thar 13 inch,Indian Item,2026-09-26 10:54:07
Thar Jeep,Indian Item,2026-09-26 10:54:07
Thar Jeep Big,Indian Item,2026-09-26 10:54:07
Thunder Bike,Indian Item,2026-09-26 10:54:07
Tina Makeup,Indian Item,2026-09-26 10:54:07
Tinny Bus,Indian Item,2026-09-26 10:54:07
Topper Doll,Indian Item,2026-09-26 10:54:07
Tota Chuchu,Indian Item,2026-09-26 10:54:07
Tractor/9999,Indian Item,2026-09-26 10:54:07
Trala,Indian Item,2026-09-26 10:54:07
Trk 7,Indian Item,2026-09-26 10:54:07
Truck (L),Indian Item,2026-09-26 10:54:07
Tube Doll,Indian Item,2026-09-26 10:54:07
Turbo Jeep,Indian Item,2026-09-26 10:54:07
U-13,Indian Item,2026-09-26 10:54:07
U 16 Bull Dozer,Indian Item,2026-09-26 10:54:07
Victor Jeep r/c,Indian Item,2026-09-26 10:54:07
White Board and Table,Indian Item,2026-09-26 10:54:07
Xuv-700,Indian Item,2026-09-26 10:54:07
Y04 Pcs Pull Cycle Loose,Indian Item,2026-09-26 10:54:07
Yt-368 Stunt Car,Indian Item,2026-09-26 10:54:07
Zx-01,Indian Item,2026-09-26 10:54:07
